drawing,"['categorytechnical', 'drawings', 'manufacturingdrawing', 'freehand', 'categoryinfographics', 'drafting', 'reprography', 'multiview', 'draftingcompasses', 'caliperdividers', 'categorytechnical', 'drawings', 'manufacturingdrawing', 'freehand', 'categoryinfographics', 'drafting', 'reprography', 'multiview', 'draftingcompasses', 'caliperdividers']"
skilled,"['low-skilled', 'semi-skilled', 'well-trained', 'unskilled', 'landscapers', 'labourers', 'labourer', 'low-wage', 'needlessly', 'tradespeople']"
subcontractor,"['contractor', 'noncontract', 'ownersupervisor', 'foreman', 'employer', 'subcontractors', 'supervisor', 'multiemployer', 'managergeneral', 'dailey']"
test,"['tests', 'testing', 'oedometer', 'tested', 'rank-sum', 'qnft', 'wilcoxon', 'testtest', 'variable-rated', 'wcst']"
due,"['owing', 'because', 'attributed', 'caused', 'needless', 'attributable', 'physical-chemical', 'insensitive', 'ameliorate', 'result']"
practice,"['pollutionbest', 'practices', 'specializations', '4101-4102', 'xxxx', 'iicrc', 'engineeringengineering', 'broad-based', 'practicesquot', 'j1040']"
economic,"['economy', 'social', 'economyltref', 'overurbanization', 'geo-political', 'nameshandragt', 'downturn', 'globalization', 'political', 'urbanisation']"
welfare,"['wellness', 'employer-based', 'legisla-', 'admin', 'chal-', 'australiaminister', 'broad-based', 'well-being', 'healths', 'erisa']"
unqualified,"['personquot', 'quotcompetent', 'self-rescue', 'signalpersons', 'obligated', 'supervise', 'summoning', 'staffers', 'ppnote', 'climate-']"
intervention,"['system01', 'activit', 'sd4o', 'facilitation', 'registrys', 'safety-training', 'early-stage', 'otolith', 'biofeedback', 'broad-based']"
worker,"['workers', 'climate-', 'laborer', 'change-related', 'change-', 'heatstress', 'employee', 'employees', 'workloads', 'job']"
rate,"['rates', 'lwdii', '26b', '25a', '23b', '18b', 'gallonsmin', '17b', '18a', 'per', 'rates', 'lwdii', '26b', '25a', '23b', '18b', 'gallonsmin', '17b', '18a', 'per']"
monetary,"['5824', 'deductible', 'payers', 'payout', '225000', 'usd', 'salaries', 'inequities', 'non-hispanics', 'incur']"
banking,"['2015-10-01ltrefgt', 'managementltref', 'namequotdm1quotgt', 'parksltref', 'namequot3quot', 'groundwater', 'mercantile', 'cargotecs', 'rangeland', 'reforestation']"
defect,"['brinelling', 'galling', 'slippage', 'miscalculation', 'defects', 'deformationplastic', 'delamination', 'slipresistant', 'mechanicsdeformation', 'slc']"
forecast,"['forecasted', 'forecasts', 'forecasting', 'gusting', 'lure', 'journaltitlea', 'ppin', 'hydrological', 'snowmelt', 'optimistic']"
partner,"['unmarried', 'partners', 'goddijn', 'bozzuto', 'namebostonglobe2gt', 'spouses', 'collaborator', 'hansford', 'ralls', 'limitedove']"
use,"['used', 'using', 'usage', 'wands', 'nioshapproved', 'halfface', 'freeze-tolerant', 'ppestrong', '0505', 'resorting']"
productivity,"['multifactor', 'absenteeism', 'morale', 'costs', 'demonstrably', 'high-road', 'oginski', 'cid30ndings', 'output', 'cost-benefit']"
consideration,"['compactorsis', 'factored', 'site-related', 'hazardsthe', 'jeopardized', 'peculiarities', 'considerations', 'deductions', 'expedited', 'decisive']"
suitable,"['suited', 'efficacious', 'acceptable', 'appropriate', 'advisable', 'inflexible', 'unsuitable', 'ideal', 'doormats', 'esem']"
complex,"['multi-unit', 'fast-paced', 'multiunit', '4story', 'fourunit', 'apartment', '3story', 'fourstory', 'sacroiliac', 'complicated']"
quantity,"['quantities', 'amount', 'adsorbents', 'calorific', 'apw', 'undissolved', 'bulking', 'amounts', 'detritus', 'reagent']"
lack,"['inadequate', 'complacency', 'insufficient', 'improper', 'poor', 'apathy', 'adequate', 'stupidity', 'diligence', 'misperception']"
difficulty,"['difficulties', 'trouble', 'lightheaded', 'coughing', 'drowsiness', 'labored', 'namequotricciardi07quot', 'aphasia', 'sneezing', 'disorientation', 'difficulties', 'trouble', 'lightheaded', 'coughing', 'drowsiness', 'labored', 'namequotricciardi07quot', 'aphasia', 'sneezing', 'disorientation']"
specification,"['standard', 'aluminum-alloy', 'astm', 'internationalastm', 'non-rewirable', 's275joh', 'advancedmc', 'b56', 'jis', '61511']"
skill,"['handsaw', 'saw', 'skilsaw', '725in', 'skillsaw', 'powerdriven', 'wormdrive', 'ripping', 'rip', '77m']"
valuable,"['useful', 'actionable', 'important', 'quotnaturalquot', 'earth-based', 'altarpieces', 'niques', 'generalizable', 'receptive', 'skeptical']"
low,"['high', 'higher', 'relatively', 'rcts', 'rel-', 'opalescence', 'strength-to-weight', 'emittance', 'water-content', 'frequencyuhf']"
unfamiliarity,[]
firm,"['company', 'brocklebank', 'family-owned', 'consulting', 'firms', 'limitedove', 'carwardine', 'consultancy', 'webcor', 'banikin']"
face,"['cshmbr', 'officerbr', '94ca01401', 'firstdegree', 'sweaty', '2nddegree', 'instanceendeditable', '95ne017', '93ca00301', 'shins']"
hiring,"['liabilities', 'multifactor', 'unfair', 'ocip', 'accountants', 'reimbursable', 'intermediaries', 'rewarding', 'disincentive', 'ocips']"
quality,"['serviceqos', 'six-sigma', 'predictability', 'iaq', 'qcqa', 'engineeringreliability', 'durability', 'ieq', 'serviceability', 'assurance']"
inadequate,"['lack', 'adequate', 'insufficient', 'inexperience', 'unworkable', 'improper', 'tie-offs', 'miscalculation', 'poor', 'fire-suppression']"
access,"['accessing', 'gain', 'femtocell', 'caz', 'egress', 'non-3gpp', 'narrowband', 'accessegress', 'accesses', 'authenticate']"
team,"['teams', 'rescueemergency', 'debra', 'mainfirst', 'trt', 'multidisciplinary', 'preconstruction', 'dive', 'impromptu', 'ncdus']"
supply,"['sewersewers', 'drinkable', 'sewersewer', 'dhw', 'supplying', 'uncontaminated', 'uninterruptible', 'hydroelectricity', 'air-handling', 'supplied']"
converting,"['root-mean-square', 'deflator', 'trc', 'diesels', 'convert', 'compressorcompressor', 'oxidant', 'ega', 'factor-label', 'surrogate']"
scope,"['remit', 'pre-fabrication', 'pertinent', 'preemption', 'herein', 'normative', 'customization', '61508', 'timeframe', 'environmentsstrong']"
employee,"['coworker', 'coworkers', 'foreman', '1', 'employees', 'employe', 'superintendant', 'tdtr', 'trtd', '700-pound']"
shortage,"['shortages', 'downturn', 'low-skilled', 'catastrophes', 'industrialisation', 'tolerable', 'urbanizing', 'self-sufficiency', 'stoppage', 'scarcity']"
budgeting,"['participatory', 'alegre', 'safety-training', 'safetea-lu', 'developmentltrefgt', 'upfront', 'prequalification', 'csr', 'recife', 'policy-makers']"
market,"['markets', 'ahi', 'nyse', 'capitalization', 'offerings', 'invests', 'dollarsltrefgtcite', 'marketplace', 'marketltrefgtcite', 'upmarket']"
estimation,"['lognormal', 'whole-day', 'egomotion', 'quantifying', 'estimating', 'planning-level', 'stepwise', 'mass-balance', 'lake-basin', 're-active']"
work,"['job', 'working', 'pprecommendation', 'jsea', 'cognizant', 'tasks', 'well-planned', 'climate-', 'jobs', 'jobrelated', 'job', 'working', 'pprecommendation', 'jsea', 'cognizant', 'tasks', 'well-planned', 'climate-', 'jobs', 'jobrelated']"
upfront,"['rezoning', 'wilds', 'harsher', 'subproject', 'essent', 'backlog', 'outlay', 'up-front', 'supplementing', 'developmentdevelopment']"
knowledge,"['skills', 'cansolveproblems', 'personby', 'complacency', 'comprehending', 'experience', 'understanding', 'workenvironmentequipment', 'expertise', 'industry-']"
interest,"['spawned', 'furthering', 'detractors', 'concern', 'realisation', 'practise', 'beautynational', 'talents', 'renewed', 'understandings']"
workmanship,"['pettersen', 'namequothandbook', 'six-sigma', 'overruns', 'low-maintenance', 'safety-critical', 'non-steel', 'post-and-beam', 'in-service', 'spws']"
delayed,"['hemodynamic', 'collapseltref', 'namequotwanek04quotgt', 'occlusive', 'worsens', 'exacerbation', 'non-responsive', 'developltref', 'hypovolemia', 'recur']"
unanticipated,"['unworkable', 'fracas', 're-energized', 'unsatisfactory', 'unreliability', 'commonality', 'physical-chemical', 'impedes', 'optimizationoptimization', 'non-equilibrium']"
cost,"['costs', 'whole-life', 'rencost', 'price', 'savings', 'overruns', 'reimbursable', 'titlecost', 'up-front', 'expense']"
party,"['ukconservative', 'uklabour', 'whig', 'partylabour', 'partys', 'statesdemocratic', 'democratic', 'statesrepublican', 'categorysocialist', 'socialist']"
construction,"['trenchingexcavation', 'industry', 'signicant', 'dustry', 'struction', 'defaultsortconstruction', 'manage-', 'workers', 'artba', '2004a']"
actual,"['policiesprocedures', 'mtbf', 'of-dust', 'prosecute', 'understate', 'normality', 'psychrometric', 'overestimate', 'spec-', 'students-test']"
error,"['errors', 'parenthesis', 'kaizen', 'nrmse', 'person-centered', 'fec', 'guy-wires', 'intelligibility', 'mgts', 'provocative']"
unfeasible,[]
violating,"['1669a', '3203a7', '1510a', 'disciplined', '192628a', '342a', '1637a', '1512b', '1675j', '23204a']"
difficult,"['impossible', 'easier', 'frustrating', 'diffi', 'easy', 'treatltref', 'harder', 'advantageous', 'expensive', 'actionable']"
devaluation,[]
standard,"['standards', 'specification', '61511', 'standardsbritish', 'cenelec', 'ansiasse', 'b56', 'ansiashrae', 'titleastm', 'z535']"
defective,"['damaged', 'faulty', 'frayed', 'illegible', 'tagged', 'slipresistant', 'corroded', 'non-skid', 'serviceable', 'guard-rails']"
capital,"['architecturecapital', 'architecturecapitals', 'zacatecas', 'investment', 'outlay', 'invests', 'rhapsodyquot', 'capitals', 'lenfant', 'post-classical']"
increase,"['decrease', 'increases', 'increased', 'increasing', 'reduce', 'improve', 'decreasing', 'reduces', 'multifactor', 'exacerbate']"
information,"['modelingbuilding', 'mation', 'lead-poisoned', 'data', 'infor-', 'foia', 'classwhitefreedom', 'contactsue', 'one-stop', 'informa-']"
incompetence,[]
calculation,"['calculations', 'quantifies', 'cltdclfscl', 'cltd', 'asd', 'lrfd', 'photogrammetric', 'calculate', 'the-value', 'quotmoment']"
delay,"['deteriorates', 'inhibitory', 'inefficiency', 'functioncost', 'milliseconds', 'configurable', 'jitter', 'multipath', 'wavesphase', 'equilibration', 'deteriorates', 'inhibitory', 'inefficiency', 'functioncost', 'milliseconds', 'configurable', 'jitter', 'multipath', 'wavesphase', 'equilibration']"
third,"['second', 'fourth', 'fifth', 'third-', 'sixth', 'eighth', 'seventh', '2nd', '4th', 'ninth']"
experience,"['knowledge', 'cansolveproblems', 'years', 'experienced', 'personby', 'jobrelated', 'aggression', 'erections', 'namequothesse12quot', 'onthejob']"
impact,"['assessmentenvironmental', 'impacts', 'environmentenvironment', 'far-reaching', 'multifactor', 'impactltrefgtcite', 'effect', 'site-related', 'effects', 'misinterpretation']"
equipment,"['constructionheavy', 'vehiclesstrong', 'equipmentstrong', 'machinery', 'categorymountaineering', 'crushedrun-overtrapped', 'protective', '--plilistrongconsider', '0506', 'pullipstrongprovide']"
unreasonable,"['offence', 'prosecute', 'allegation', 'construed', 'rezoning', 'wrongdoing', 'violates', 'unconstitutional', 'nonconforming', 'overrule']"
change,"['changes', 'climate', 'widthquot895quotlt---', 'change-', 'changing', 'unfccc', 'vulnerability', 'defrost', 'change-related', 'mitigationmitigation', 'changes', 'climate', 'widthquot895quotlt---', 'change-', 'changing', 'unfccc', 'vulnerability', 'defrost', 'change-related', 'mitigationmitigation']"
unforeseeable,[]
competence,"['pre-project', 'endeavours', 'demonstrably', 'certifica-', 'preplanning', 'nzila', 'struc-', 'misstated', 'nancial', 'fairness']"
personnel,"['summoning', 'ambulances', 'responders', 'trt', 'summoned', 'aidcpr', 'emergency', '0101', 'rescue', 'ems']"
immature,"['cross-links', 'osteomyelitis', 'enzymatic', 'osseous', 'synovial', 'labral', 'salivary', 'mucosa', 'perineurium', 'interosseous']"
allocation,"['negotiation', 'serviceqos', 'debits', 'developmentdevelopment', 'fairness', 'trade-offs', 'managementquotgt', 'service-oriented', 'prioritization', 'allocate']"
keeping,"['keep', 'kept', 'maintaining', 'shuffle', 'trickle', 'providing', 'non-essential', 'depriving', 'ensuring', 'orderly']"
inspection,"['inspections', 'cursory', 'inspect', 'unprogrammed', 'mdoc', 'tear-down', 'fpc', 'investigation', 'inspected', 'prejob']"
arrangement,"['quotringquot', 'quottquot', 'multi-tubular', 'x-bracing', 'configuration', 'bagua', 'namequotbrick', 'arrangements', 'geometrycylindrical', 'stiffleg']"
inflation,"['deflator', 'whole-life', 'taxpayers', 'cpi', 'gdp', 'nine-year', 'cnp', 'direct-drive', 'namequotvanilla', 'namequotovumcomquotgt']"
system,"['systems', 'car-', 'systemgps', 'cpu', 'dcv', 'centralised', 'off-the-grid', 'systemltrefgtcite', 'basinwatershed', 'systemfall']"
approval,"['approvals', 'hqusace', 'finalized', 'ahj', 'osfc', 'waiversvariances', 'approved', 'abide', 'rescinded', 'approve']"
mistake,"['horrible', 'credence', 'foreseen', 'nodded', 'girvan', 'implausible', 'misperception', 'allegation', 'quotalmost', 'gonna']"
technology,"['technologies', 'science', 'cutting-edge', 'categorymembrane', 'technologyltref', 'eawag', 'duebendorf', 'microelectromechanical', 'categorylte', 'technologiesltrefgtcite']"
method,"['methods', 'technique', 'methodquot', 'namequotelfgrenquotgt', 'factor-label', 'rsr', 'using-ray', 'approach', 'weibull', 'techniques']"
fluctuation,"['crack-growth', 'nrcs', 'water-content', 'oxidant', 'extrapolation', 'broadening', 'favorably', 'eer', 'pdrs', 'namequottwoquot']"
organisation,"['non-governmental', 'organisations', 'ili', 'self-governing', 'not-for-profit', 'efla', 'lockpickers', 'iaks', 'rics', 'toool']"
owners¡¯,[]
improper,"['proper', 'inadequate', 'lithe', 'lack', 'inappropriate', 'unworkable', 'overstress', 'brlilithe', 'misuse', 'mcwps']"
supervision,"['23201a', 'qualified', 'competent', 'personsupa', 'timelines', 'coaching', 'managementconstruction', 'academically', 'non-registered', 'concurrence']"
insufficient,"['sufficient', 'inadequate', 'adequate', 'lack', 'hypovolemia', 'miscalculation', 'ample', 'inexperience', 'medicalhypoxia', 'overstress']"
failure,"['failing', 'failures', '1637c', 'overstress', '1669a', 'mechanicsdeformation', 'galling', 'materialfatigue', 'inattention', 'physicsstresses']"
wage,"['wages', 'non-farm', 'employment', 'earnings', 'prus', 'azari-rad', 'compensation', 'unemployment', 'dependents', 'yruni']"
cutting,"['cut', 'sawing', 'chop', 'metalworkinghoning', 'deburring', 'carbide-tipped', 'grinding', 'notching', 'skill-saw', 'fine-toothed']"
planning,"['look-ahead', 'categorytown', 'planningland', 'categoryurban', 'urban', 'planningurban', 'planningltref', 'categorypolitical', 'ecobalance', 'planningplanning']"
circumstance,"['unforeseen', 'offence', 'bioterrorist', 'retaliatory', 'backfire', 'prosecute', 'construed', 'poten-', 'ofcompactor', 'thwart']"
underground,"['utilities', 'aboveground', 'one-call', 'manholes', 'transportpipelines', 'laterals', 'blowgun', 'diesels', 'metalnonmetal', 'fiberoptic']"
structure,"['structures', 'nonbuilding', 'face-centered', 'dome-like', 'antiperovskite', 'load-supporting', 'thin-shell', 'diagrid', 'structureltref', 'flat-roofed']"
local,"['governmentlocal', 'ordinanceordinances', 'eca', 'authorities', 'regional', 'rule-making', 'associationsltref', 'cranbrook', 'one-call', 'collaboratively']"
late,"['early', 'mid-15th', '1800s', '19th', 'mid-18th', '20th', '1980sltref', 'preclassic', '1990s', 'mid-20th']"
foreign,"['contusionabrasion', 'excl', 'dignitaries', 'zeelandia', 'fishhooks', 'netherlandsministry', 'nationscommonwealth', 'publisherministry', 'pakistans', 'domination']"
corner,"['corners', 'icicles', 'lesenes', 'sixstory', 'quotrounded', 'six-story', 'yokes', 'semicircles', 'diagonally', 'edge']"
condition,"['conditions', 'laparotomy', 'medicinequotgt', 'chafing', 'good', 'bandaged', 'misjudgment', 'namequotandersontquotgt', 'lethargic', 'sunblock']"
incorrect,"['discerned', 'wrong', 'nodded', 'unsafely', 'jarring', 'proportioned', 'call-in', 'improper', 'foreshortened', 'factual']"
owner,"['nummembers', 'non-profitslogan', 'owners', 'managergeneral', 'ocip', 'landlord', 'secgen', 'foreman', '94-nj-028-01', 'rencost']"
obsolete,"['superseded', 'quotenginequot', 'supplanted', 'gravimetrc', 'trialled', 'woodwind', 'inadequacies', 'gravimetric', 'genericised', 'forerunner']"
intention,"['intentionality', 'wanted', 'amend', 'shelved', 'intent', 'redeveloping', 'dissatisfied', 'detriment', 'rezoning', 'astonishing']"
order,"['attempt', 'addition', 'able', 'ways', 'mdface', 'to', 'ndol', 'manner', 'emphasise', 'orders']"
management,"['pre-project', 'pollutionbest', 'drugalcohol', 'namequotdm1quotgt', 'commitment', 'manage-', 'managementconstruction', 'managementltref', 'planningltref', 'businessproduct']"
unskilled,"['low-skilled', 'semi-skilled', 'relegated', 'non-agriculture', 'monotowns', 'low-wage', 'incomes', 'nameguglergt', 'immigrant', 'unionunion']"
price,"['prices', 'cost', 'resale', 'valuation', 'shoaib', '52000', 'sale', 'ipo', 'costs', 'deductible']"
currency,"['systemmetric', 'customary', 'inch-based', 'carat', 'mille', 'capita', 'denominators', 'tuition', 'ukbritain', 'workerssource']"
material,"['materials', 'impregnate', 'duoltsubgt2ltsubgt', 'materialcomposites', 'microballoons', 'physicselastic', 'riverstone', 'non-porous', 'compressible', 'engineeringyielding', 'materials', 'impregnate', 'duoltsubgt2ltsubgt', 'materialcomposites', 'microballoons', 'physicselastic', 'riverstone', 'non-porous', 'compressible', 'engineeringyielding']"
design,"['designs', 'designcomputer-aided', 'designer', 'optimizationoptimization', 'concept', 'designdesign', 'cost-benefit', 'designers', 'architecturesustainable', 'inspirations']"
poor,"['good', 'monotonous', 'lack', 'inexperience', 'guard-rails', 'inadequate', 'insecure', 'unworkable', 'excellent', 'misunderstandings']"
labour,"['inspectorates', 'uklabour', 'congressclc', 'partylabour', 'liberals', 'councilltref', 'portalorganized', 'ch-1211', 'cgsu', 'iupat']"
project,"['projects', 'managementconstruction', 'projectltref', 'titleintegrated', 'exxcel', 'preconstruction', 'ipd', 'masterplanning', 'pre-construction', 'manage-']"
carelessness,[]
international,"['wmo', 'commissioniec', 'hktdc', 'ibt', 'cib', 'smwia', 'conference', 'conferencequot', 'brotherhood', 'iaff']"
site,"['sites', 'worksite', 'jobsite', 'job', 'analysisjob', 'pre-work', 'sitespecific', 'jobsitestrong', 'pragmatically', 'classwhiteimportant']"
deviation,"['of96', 'within-site', 'logarithms', 'df2', 'deviations', 'p-values', 'between-site', 'lognormal', 'nsites', 'geometrc']"
sample,"['samples', '25-mm', 'collected', 'non-random', 'lower-flow', 'sampling', '2from', 'aliquots', 'dif-', 'surveynhanes']"
national,"['institute', 'canadanational', 'tute', 'publishernational', 'ornl', 'preventions', 'co-hosted', 'u60-oh009762', 'u54', 'academies']"
identify,"['climate-', 'pullistrongconduct', 'determine', 'prioritize', 'assess', 'cognizant', 'evaluate', 'discern', '--plilistrongconduct', 'anticipate']"
regulatory,"['8ccr', '1510a', '342a', '3203a7', '1512b', '1637a', '1675j', '1669a', 'legislationltref', '3395f3']"
demand,"['ever-increasing', 'demands', 'zebs', 'defrost', 'demandltref', 'supply', 'outweighed', 'harsher', 'market', 'capitalize']"
instruction,"['instructions', 'onthejob', 'sops', '0104', 'one-page', 'training', 'lock-outtag-out', '--plilistrongprovide', 'sitespecific', 'jobrelated']"
incomplete,"['intact', 'dashes', 'sustains', 'misclassified', 'machine8217s', 'complete', 'innervation', 'fulfils', 'namequotandersontquotgt', 'uncorrected']"
